{
    "providers": {
        "awscloudformation": {
            "AuthRoleName": "amplify-miiadashboard-dev-193110-authRole",
            "UnauthRoleArn": "arn:aws:iam::181571321432:role/amplify-miiadashboard-dev-193110-unauthRole",
            "AuthRoleArn": "arn:aws:iam::181571321432:role/amplify-miiadashboard-dev-193110-authRole",
            "Region": "us-west-2",
            "DeploymentBucketName": "amplify-miiadashboard-dev-193110-deployment",
            "UnauthRoleName": "amplify-miiadashboard-dev-193110-unauthRole",
            "StackName": "amplify-miiadashboard-dev-193110",
            "StackId": "arn:aws:cloudformation:us-west-2:181571321432:stack/amplify-miiadashboard-dev-193110/b7ab2f10-e031-11ea-9578-026b5bed690b",
            "AmplifyAppId": "d3s7eipwj38e3u"
        }
    },
    "auth": {
        "miiadashboardd70d81b1": {
            "service": "Cognito",
            "providerPlugin": "awscloudformation",
            "dependsOn": [],
            "customAuth": false,
            "providerMetadata": {
                "s3TemplateURL": "https://s3.amazonaws.com/amplify-miiadashboard-dev-193110-deployment/amplify-cfn-templates/auth/miiadashboardd70d81b1-cloudformation-template.yml",
                "logicalId": "authmiiadashboardd70d81b1"
            },
            "lastPushTimeStamp": "2020-08-17T02:35:24.262Z",
            "output": {
                "AppClientSecret": "cphk255ub9v886602m9hp1deiiqec0t39rdcqbho7eud29hv30o",
                "UserPoolId": "us-west-2_Ahb0Zwa38",
                "AppClientIDWeb": "7h250nf8k9tq9qac4j2ademi0g",
                "AppClientID": "2feot5tu678l4og3mihf5gcv1r",
                "IdentityPoolId": "us-west-2:0ebb334f-13ac-4aa2-ab07-68eb669e6aae",
                "IdentityPoolName": "miiadashboardd70d81b1_identitypool_d70d81b1__dev",
                "UserPoolName": "miiadashboardd70d81b1_userpool_d70d81b1"
            },
            "lastPushDirHash": "yEVDDSOoxhf887rMi1hIQUERd8U="
        }
    },
    "hosting": {
        "amplifyhosting": {
            "service": "amplifyhosting",
            "type": "cicd",
            "lastPushTimeStamp": "2020-08-17T02:39:02.041Z"
        }
    }
}