{
    "dev": {
        "awscloudformation": {
            "AuthRoleName": "amplify-miiadashboard-dev-193110-authRole",
            "UnauthRoleArn": "arn:aws:iam::181571321432:role/amplify-miiadashboard-dev-193110-unauthRole",
            "AuthRoleArn": "arn:aws:iam::181571321432:role/amplify-miiadashboard-dev-193110-authRole",
            "Region": "us-west-2",
            "DeploymentBucketName": "amplify-miiadashboard-dev-193110-deployment",
            "UnauthRoleName": "amplify-miiadashboard-dev-193110-unauthRole",
            "StackName": "amplify-miiadashboard-dev-193110",
            "StackId": "arn:aws:cloudformation:us-west-2:181571321432:stack/amplify-miiadashboard-dev-193110/b7ab2f10-e031-11ea-9578-026b5bed690b",
            "AmplifyAppId": "d3s7eipwj38e3u"
        },
        "categories": {
            "auth": {
                "miiadashboardd70d81b1": {}
            },
            "hosting": {
                "amplifyhosting": {
                    "appId": "d3s7eipwj38e3u",
                    "type": "cicd"
                }
            }
        }
    }
}